name_1,date_1,text,date,date_str,name
Jack,2019-02-24,Jack was born on the 24th of February.,2019-02-24,24th of February,Jack
Marco,2019-01-01,Marco was born on the 1st of January.,2019-01-01,1st of January,Marco
Blake,2019-02-22,Blake was born on the 22nd of February.,2019-02-22,22nd of February,Blake
William,2019-01-02,William was born on the 2nd of January.,2019-01-02,2nd of January,William
Jason,2019-02-15,Jason was born on the 15th of February.,2019-02-15,15th of February,Jason
Joy,2019-01-18,Joy was born on the 18th of January.,2019-01-18,18th of January,Joy
Josh,2019-01-08,Josh was born on the 8th of January.,2019-01-08,8th of January,Josh
Ian,2019-02-03,Ian was born on the 3rd of February.,2019-02-03,3rd of February,Ian
Dean,2019-01-11,Dean was born on the 11th of January.,2019-01-11,11th of January,Dean
Dean,2019-01-11,Dean was born on the 11th of January.,2019-01-11,11th of January,Dean
Jason,2019-02-04,Jason was born on the 4th of February.,2019-02-04,4th of February,Jason
Grant,2019-02-11,Grant was born on the 11th of February.,2019-02-11,11th of February,Grant
Kevin,2019-01-29,Kevin was born on the 29th of January.,2019-01-29,29th of January,Kevin
Josh,2019-01-01,Josh was born on the 1st of January.,2019-01-01,1st of January,Josh
Kyle,2019-02-23,Kyle was born on the 23rd of February.,2019-02-23,23rd of February,Kyle
Blake,2019-02-22,Blake was born on the 22nd of February.,2019-02-22,22nd of February,Blake
Charlie,2019-02-20,Charlie was born on the 20th of February.,2019-02-20,20th of February,Charlie
April,2019-01-17,April was born on the 17th of January.,2019-01-17,17th of January,April
Tyler,2019-01-06,Tyler was born on the 6th of January.,2019-01-06,6th of January,Tyler
Max,2019-02-22,Max was born on the 22nd of February.,2019-02-22,22nd of February,Max
Charlie,2019-02-09,Charlie was born on the 9th of February.,2019-02-09,9th of February,Charlie
Richard,2019-01-08,Richard was born on the 8th of January.,2019-01-08,8th of January,Richard
Steve,2019-01-06,Steve was born on the 6th of January.,2019-01-06,6th of January,Steve
Fred,2019-01-04,Fred was born on the 4th of January.,2019-01-04,4th of January,Fred
George,2019-01-21,George was born on the 21st of January.,2019-01-21,21st of January,George
Frank,2019-02-19,Frank was born on the 19th of February.,2019-02-19,19th of February,Frank
Josh,2019-02-25,Josh was born on the 25th of February.,2019-02-25,25th of February,Josh
Alex,2019-01-01,Alex was born on the 1st of January.,2019-01-01,1st of January,Alex
Henry,2019-01-24,Henry was born on the 24th of January.,2019-01-24,24th of January,Henry
Max,2019-02-22,Max was born on the 22nd of February.,2019-02-22,22nd of February,Max
Andrew,2019-01-09,Andrew was born on the 9th of January.,2019-01-09,9th of January,Andrew
Mark,2019-02-07,Mark was born on the 7th of February.,2019-02-07,7th of February,Mark
Brandon,2019-01-24,Brandon was born on the 24th of January.,2019-01-24,24th of January,Brandon
Fred,2019-01-14,Fred was born on the 14th of January.,2019-01-14,14th of January,Fred
Mark,2019-02-07,Mark was born on the 7th of February.,2019-02-07,7th of February,Mark
Michael,2019-02-19,Michael was born on the 19th of February.,2019-02-19,19th of February,Michael
Alex,2019-02-05,Alex was born on the 5th of February.,2019-02-05,5th of February,Alex
George,2019-01-26,George was born on the 26th of January.,2019-01-26,26th of January,George
Alice,2019-02-12,Alice was born on the 12th of February.,2019-02-12,12th of February,Alice
Dean,2019-02-17,Dean was born on the 17th of February.,2019-02-17,17th of February,Dean
April,2019-01-17,April was born on the 17th of January.,2019-01-17,17th of January,April
Josh,2019-03-17,Josh was born on the 17th of March.,2019-03-17,17th of March,Josh
Martin,2019-03-01,Martin was born on the 1st of March.,2019-03-01,1st of March,Martin
Kevin,2019-04-10,Kevin was born on the 10th of April.,2019-04-10,10th of April,Kevin
Matt,2019-03-23,Matt was born on the 23rd of March.,2019-03-23,23rd of March,Matt
Neil,2019-03-21,Neil was born on the 21st of March.,2019-03-21,21st of March,Neil
Connor,2019-04-13,Connor was born on the 13th of April.,2019-04-13,13th of April,Connor
Luke,2019-04-11,Luke was born on the 11th of April.,2019-04-11,11th of April,Luke
Steve,2019-04-09,Steve was born on the 9th of April.,2019-04-09,9th of April,Steve
Connor,2019-04-27,Connor was born on the 27th of April.,2019-04-27,27th of April,Connor
Rachel,2019-04-07,Rachel was born on the 7th of April.,2019-04-07,7th of April,Rachel
Frank,2019-03-17,Frank was born on the 17th of March.,2019-03-17,17th of March,Frank
Rachel,2019-04-21,Rachel was born on the 21st of April.,2019-04-21,21st of April,Rachel
Connor,2019-04-13,Connor was born on the 13th of April.,2019-04-13,13th of April,Connor
Dallas,2019-03-04,Dallas was born on the 4th of March.,2019-03-04,4th of March,Dallas
Alice,2019-04-18,Alice was born on the 18th of April.,2019-04-18,18th of April,Alice
Joy,2019-03-30,Joy was born on the 30th of March.,2019-03-30,30th of March,Joy
Max,2019-03-30,Max was born on the 30th of March.,2019-03-30,30th of March,Max
Ian,2019-04-28,Ian was born on the 28th of April.,2019-04-28,28th of April,Ian
Robert,2019-03-28,Robert was born on the 28th of March.,2019-03-28,28th of March,Robert
Hunter,2019-04-08,Hunter was born on the 8th of April.,2019-04-08,8th of April,Hunter
Scott,2019-03-01,Scott was born on the 1st of March.,2019-03-01,1st of March,Scott
Alice,2019-03-31,Alice was born on the 31st of March.,2019-03-31,31st of March,Alice
Jack,2019-03-26,Jack was born on the 26th of March.,2019-03-26,26th of March,Jack
Peter,2019-03-07,Peter was born on the 7th of March.,2019-03-07,7th of March,Peter
Grant,2019-03-28,Grant was born on the 28th of March.,2019-03-28,28th of March,Grant
Dean,2019-03-09,Dean was born on the 9th of March.,2019-03-09,9th of March,Dean
Ian,2019-04-01,Ian was born on the 1st of April.,2019-04-01,1st of April,Ian
Tyler,2019-04-14,Tyler was born on the 14th of April.,2019-04-14,14th of April,Tyler
Frank,2019-03-21,Frank was born on the 21st of March.,2019-03-21,21st of March,Frank
Steve,2019-04-09,Steve was born on the 9th of April.,2019-04-09,9th of April,Steve
Richard,2019-03-14,Richard was born on the 14th of March.,2019-03-14,14th of March,Richard
William,2019-04-28,William was born on the 28th of April.,2019-04-28,28th of April,William
Martin,2019-04-07,Martin was born on the 7th of April.,2019-04-07,7th of April,Martin
Henry,2019-04-26,Henry was born on the 26th of April.,2019-04-26,26th of April,Henry
Rose,2019-04-14,Rose was born on the 14th of April.,2019-04-14,14th of April,Rose
Laura,2019-04-27,Laura was born on the 27th of April.,2019-04-27,27th of April,Laura
Rose,2019-04-14,Rose was born on the 14th of April.,2019-04-14,14th of April,Rose
Ian,2019-04-01,Ian was born on the 1st of April.,2019-04-01,1st of April,Ian
Henry,2019-04-26,Henry was born on the 26th of April.,2019-04-26,26th of April,Henry
Fred,2019-04-18,Fred was born on the 18th of April.,2019-04-18,18th of April,Fred
Richard,2019-04-26,Richard was born on the 26th of April.,2019-04-26,26th of April,Richard
Frank,2019-06-10,Frank was born on the 10th of June.,2019-06-10,10th of June,Frank
Blake,2019-06-26,Blake was born on the 26th of June.,2019-06-26,26th of June,Blake
Blake,2019-06-20,Blake was born on the 20th of June.,2019-06-20,20th of June,Blake
Scott,2019-06-09,Scott was born on the 9th of June.,2019-06-09,9th of June,Scott
Josh,2019-05-02,Josh was born on the 2nd of May.,2019-05-02,2nd of May,Josh
Hope,2019-05-07,Hope was born on the 7th of May.,2019-05-07,7th of May,Hope
Maria,2019-06-24,Maria was born on the 24th of June.,2019-06-24,24th of June,Maria
Richard,2019-06-13,Richard was born on the 13th of June.,2019-06-13,13th of June,Richard
Michael,2019-06-11,Michael was born on the 11th of June.,2019-06-11,11th of June,Michael
Kevin,2019-05-13,Kevin was born on the 13th of May.,2019-05-13,13th of May,Kevin
Josh,2019-06-06,Josh was born on the 6th of June.,2019-06-06,6th of June,Josh
Richard,2019-06-24,Richard was born on the 24th of June.,2019-06-24,24th of June,Richard
Frank,2019-06-10,Frank was born on the 10th of June.,2019-06-10,10th of June,Frank
Connor,2019-05-28,Connor was born on the 28th of May.,2019-05-28,28th of May,Connor
Aaron,2019-05-21,Aaron was born on the 21st of May.,2019-05-21,21st of May,Aaron
John,2019-06-16,John was born on the 16th of June.,2019-06-16,16th of June,John
Dean,2019-05-07,Dean was born on the 7th of May.,2019-05-07,7th of May,Dean
Grant,2019-06-21,Grant was born on the 21st of June.,2019-06-21,21st of June,Grant
Steve,2019-06-18,Steve was born on the 18th of June.,2019-06-18,18th of June,Steve
William,2019-05-22,William was born on the 22nd of May.,2019-05-22,22nd of May,William
Maria,2019-06-24,Maria was born on the 24th of June.,2019-06-24,24th of June,Maria
Steve,2019-06-24,Steve was born on the 24th of June.,2019-06-24,24th of June,Steve
Neil,2019-05-07,Neil was born on the 7th of May.,2019-05-07,7th of May,Neil
Andrew,2019-06-08,Andrew was born on the 8th of June.,2019-06-08,8th of June,Andrew
Richard,2019-05-30,Richard was born on the 30th of May.,2019-05-30,30th of May,Richard
Rachel,2019-06-23,Rachel was born on the 23rd of June.,2019-06-23,23rd of June,Rachel
Kevin,2019-05-30,Kevin was born on the 30th of May.,2019-05-30,30th of May,Kevin
Dallas,2019-06-29,Dallas was born on the 29th of June.,2019-06-29,29th of June,Dallas
Dean,2019-06-14,Dean was born on the 14th of June.,2019-06-14,14th of June,Dean
Blake,2019-06-26,Blake was born on the 26th of June.,2019-06-26,26th of June,Blake
Fred,2019-05-11,Fred was born on the 11th of May.,2019-05-11,11th of May,Fred
Alex,2019-06-29,Alex was born on the 29th of June.,2019-06-29,29th of June,Alex
Richard,2019-05-30,Richard was born on the 30th of May.,2019-05-30,30th of May,Richard
Tyler,2019-06-07,Tyler was born on the 7th of June.,2019-06-07,7th of June,Tyler
Kyle,2019-05-25,Kyle was born on the 25th of May.,2019-05-25,25th of May,Kyle
Grant,2019-06-21,Grant was born on the 21st of June.,2019-06-21,21st of June,Grant
Connor,2019-05-30,Connor was born on the 30th of May.,2019-05-30,30th of May,Connor
Dean,2019-06-23,Dean was born on the 23rd of June.,2019-06-23,23rd of June,Dean
Rachel,2019-05-31,Rachel was born on the 31st of May.,2019-05-31,31st of May,Rachel
Blake,2019-05-04,Blake was born on the 4th of May.,2019-05-04,4th of May,Blake
Rose,2019-06-13,Rose was born on the 13th of June.,2019-06-13,13th of June,Rose
Michael,2019-08-12,Michael was born on the 12th of August.,2019-08-12,12th of August,Michael
Max,2019-08-25,Max was born on the 25th of August.,2019-08-25,25th of August,Max
Jack,2019-07-15,Jack was born on the 15th of July.,2019-07-15,15th of July,Jack
Tyler,2019-08-04,Tyler was born on the 4th of August.,2019-08-04,4th of August,Tyler
George,2019-07-23,George was born on the 23rd of July.,2019-07-23,23rd of July,George
Alex,2019-07-24,Alex was born on the 24th of July.,2019-07-24,24th of July,Alex
Steve,2019-08-31,Steve was born on the 31st of August.,2019-08-31,31st of August,Steve
Joy,2019-07-08,Joy was born on the 8th of July.,2019-07-08,8th of July,Joy
William,2019-08-06,William was born on the 6th of August.,2019-08-06,6th of August,William
William,2019-08-12,William was born on the 12th of August.,2019-08-12,12th of August,William
Alice,2019-08-30,Alice was born on the 30th of August.,2019-08-30,30th of August,Alice
Jason,2019-07-16,Jason was born on the 16th of July.,2019-07-16,16th of July,Jason
Grant,2019-07-06,Grant was born on the 6th of July.,2019-07-06,6th of July,Grant
Kyle,2019-08-22,Kyle was born on the 22nd of August.,2019-08-22,22nd of August,Kyle
Maria,2019-07-08,Maria was born on the 8th of July.,2019-07-08,8th of July,Maria
William,2019-08-27,William was born on the 27th of August.,2019-08-27,27th of August,William
Max,2019-07-02,Max was born on the 2nd of July.,2019-07-02,2nd of July,Max
Tyler,2019-08-04,Tyler was born on the 4th of August.,2019-08-04,4th of August,Tyler
Martin,2019-07-19,Martin was born on the 19th of July.,2019-07-19,19th of July,Martin
Charlie,2019-08-29,Charlie was born on the 29th of August.,2019-08-29,29th of August,Charlie
Neil,2019-07-03,Neil was born on the 3rd of July.,2019-07-03,3rd of July,Neil
Dean,2019-08-26,Dean was born on the 26th of August.,2019-08-26,26th of August,Dean
April,2019-07-05,April was born on the 5th of July.,2019-07-05,5th of July,April
George,2019-07-21,George was born on the 21st of July.,2019-07-21,21st of July,George
April,2019-08-28,April was born on the 28th of August.,2019-08-28,28th of August,April
Mark,2019-07-14,Mark was born on the 14th of July.,2019-07-14,14th of July,Mark
Alex,2019-07-01,Alex was born on the 1st of July.,2019-07-01,1st of July,Alex
Luke,2019-07-11,Luke was born on the 11th of July.,2019-07-11,11th of July,Luke
Alex,2019-08-26,Alex was born on the 26th of August.,2019-08-26,26th of August,Alex
Kyle,2019-07-04,Kyle was born on the 4th of July.,2019-07-04,4th of July,Kyle
Laura,2019-07-19,Laura was born on the 19th of July.,2019-07-19,19th of July,Laura
April,2019-08-07,April was born on the 7th of August.,2019-08-07,7th of August,April
Alex,2019-07-24,Alex was born on the 24th of July.,2019-07-24,24th of July,Alex
Walker,2019-07-25,Walker was born on the 25th of July.,2019-07-25,25th of July,Walker
Josh,2019-07-06,Josh was born on the 6th of July.,2019-07-06,6th of July,Josh
Charlie,2019-07-24,Charlie was born on the 24th of July.,2019-07-24,24th of July,Charlie
Peter,2019-07-24,Peter was born on the 24th of July.,2019-07-24,24th of July,Peter
Rose,2019-08-31,Rose was born on the 31st of August.,2019-08-31,31st of August,Rose
April,2019-07-27,April was born on the 27th of July.,2019-07-27,27th of July,April
Alex,2019-07-01,Alex was born on the 1st of July.,2019-07-01,1st of July,Alex
Tyler,2019-08-22,Tyler was born on the 22nd of August.,2019-08-22,22nd of August,Tyler
Joy,2019-09-13,Joy was born on the 13th of September.,2019-09-13,13th of September,Joy
Michael,2019-09-22,Michael was born on the 22nd of September.,2019-09-22,22nd of September,Michael
Neil,2019-09-07,Neil was born on the 7th of September.,2019-09-07,7th of September,Neil
Robert,2019-10-23,Robert was born on the 23rd of October.,2019-10-23,23rd of October,Robert
Aaron,2019-09-01,Aaron was born on the 1st of September.,2019-09-01,1st of September,Aaron
Rachel,2019-09-09,Rachel was born on the 9th of September.,2019-09-09,9th of September,Rachel
Matt,2019-09-12,Matt was born on the 12th of September.,2019-09-12,12th of September,Matt
Henry,2019-09-06,Henry was born on the 6th of September.,2019-09-06,6th of September,Henry
Michael,2019-10-14,Michael was born on the 14th of October.,2019-10-14,14th of October,Michael
Tyler,2019-10-09,Tyler was born on the 9th of October.,2019-10-09,9th of October,Tyler
Marco,2019-10-11,Marco was born on the 11th of October.,2019-10-11,11th of October,Marco
Ian,2019-09-14,Ian was born on the 14th of September.,2019-09-14,14th of September,Ian
Frank,2019-10-03,Frank was born on the 3rd of October.,2019-10-03,3rd of October,Frank
Josh,2019-10-06,Josh was born on the 6th of October.,2019-10-06,6th of October,Josh
Scott,2019-10-10,Scott was born on the 10th of October.,2019-10-10,10th of October,Scott
Rachel,2019-10-19,Rachel was born on the 19th of October.,2019-10-19,19th of October,Rachel
Michael,2019-10-14,Michael was born on the 14th of October.,2019-10-14,14th of October,Michael
Marco,2019-10-26,Marco was born on the 26th of October.,2019-10-26,26th of October,Marco
Robert,2019-10-11,Robert was born on the 11th of October.,2019-10-11,11th of October,Robert
Grant,2019-10-23,Grant was born on the 23rd of October.,2019-10-23,23rd of October,Grant
Brandon,2019-09-02,Brandon was born on the 2nd of September.,2019-09-02,2nd of September,Brandon
Jason,2019-10-30,Jason was born on the 30th of October.,2019-10-30,30th of October,Jason
Dallas,2019-10-24,Dallas was born on the 24th of October.,2019-10-24,24th of October,Dallas
Dallas,2019-10-05,Dallas was born on the 5th of October.,2019-10-05,5th of October,Dallas
Ian,2019-10-08,Ian was born on the 8th of October.,2019-10-08,8th of October,Ian
Rachel,2019-09-09,Rachel was born on the 9th of September.,2019-09-09,9th of September,Rachel
April,2019-09-04,April was born on the 4th of September.,2019-09-04,4th of September,April
Josh,2019-09-29,Josh was born on the 29th of September.,2019-09-29,29th of September,Josh
Fred,2019-10-01,Fred was born on the 1st of October.,2019-10-01,1st of October,Fred
John,2019-10-04,John was born on the 4th of October.,2019-10-04,4th of October,John
Emily,2019-09-22,Emily was born on the 22nd of September.,2019-09-22,22nd of September,Emily
Joy,2019-09-04,Joy was born on the 4th of September.,2019-09-04,4th of September,Joy
Ian,2019-09-16,Ian was born on the 16th of September.,2019-09-16,16th of September,Ian
William,2019-09-06,William was born on the 6th of September.,2019-09-06,6th of September,William
Jerry,2019-09-30,Jerry was born on the 30th of September.,2019-09-30,30th of September,Jerry
Rose,2019-10-16,Rose was born on the 16th of October.,2019-10-16,16th of October,Rose
George,2019-09-21,George was born on the 21st of September.,2019-09-21,21st of September,George
Laura,2019-09-12,Laura was born on the 12th of September.,2019-09-12,12th of September,Laura
Walker,2019-10-17,Walker was born on the 17th of October.,2019-10-17,17th of October,Walker
Scott,2019-10-10,Scott was born on the 10th of October.,2019-10-10,10th of October,Scott
Jerry,2019-09-01,Jerry was born on the 1st of September.,2019-09-01,1st of September,Jerry
William,2019-12-05,William was born on the 5th of December.,2019-12-05,5th of December,William
Aaron,2019-11-17,Aaron was born on the 17th of November.,2019-11-17,17th of November,Aaron
Robert,2019-11-28,Robert was born on the 28th of November.,2019-11-28,28th of November,Robert
Robert,2019-12-20,Robert was born on the 20th of December.,2019-12-20,20th of December,Robert
Josh,2019-11-29,Josh was born on the 29th of November.,2019-11-29,29th of November,Josh
Charlie,2019-12-09,Charlie was born on the 9th of December.,2019-12-09,9th of December,Charlie
Walker,2019-11-07,Walker was born on the 7th of November.,2019-11-07,7th of November,Walker
Scott,2019-11-20,Scott was born on the 20th of November.,2019-11-20,20th of November,Scott
Andrew,2019-11-17,Andrew was born on the 17th of November.,2019-11-17,17th of November,Andrew
Frank,2019-11-03,Frank was born on the 3rd of November.,2019-11-03,3rd of November,Frank
Martin,2019-12-15,Martin was born on the 15th of December.,2019-12-15,15th of December,Martin
April,2019-11-25,April was born on the 25th of November.,2019-11-25,25th of November,April
Josh,2019-11-20,Josh was born on the 20th of November.,2019-11-20,20th of November,Josh
Walker,2019-11-07,Walker was born on the 7th of November.,2019-11-07,7th of November,Walker
Grant,2019-12-06,Grant was born on the 6th of December.,2019-12-06,6th of December,Grant
Ryan,2019-12-24,Ryan was born on the 24th of December.,2019-12-24,24th of December,Ryan
Jason,2019-11-06,Jason was born on the 6th of November.,2019-11-06,6th of November,Jason
Walker,2019-11-08,Walker was born on the 8th of November.,2019-11-08,8th of November,Walker
Fred,2019-11-10,Fred was born on the 10th of November.,2019-11-10,10th of November,Fred
Kevin,2019-12-27,Kevin was born on the 27th of December.,2019-12-27,27th of December,Kevin
Connor,2019-11-04,Connor was born on the 4th of November.,2019-11-04,4th of November,Connor
Connor,2019-11-04,Connor was born on the 4th of November.,2019-11-04,4th of November,Connor
Marco,2019-12-06,Marco was born on the 6th of December.,2019-12-06,6th of December,Marco
Jason,2019-11-02,Jason was born on the 2nd of November.,2019-11-02,2nd of November,Jason
Scott,2019-12-28,Scott was born on the 28th of December.,2019-12-28,28th of December,Scott
Laura,2019-12-23,Laura was born on the 23rd of December.,2019-12-23,23rd of December,Laura
Ryan,2019-12-30,Ryan was born on the 30th of December.,2019-12-30,30th of December,Ryan
William,2019-12-04,William was born on the 4th of December.,2019-12-04,4th of December,William
William,2019-12-10,William was born on the 10th of December.,2019-12-10,10th of December,William
Blake,2019-11-10,Blake was born on the 10th of November.,2019-11-10,10th of November,Blake
Frank,2019-11-03,Frank was born on the 3rd of November.,2019-11-03,3rd of November,Frank
Frank,2019-12-08,Frank was born on the 8th of December.,2019-12-08,8th of December,Frank
Walker,2019-11-04,Walker was born on the 4th of November.,2019-11-04,4th of November,Walker
Andrew,2019-11-20,Andrew was born on the 20th of November.,2019-11-20,20th of November,Andrew
Hope,2019-11-17,Hope was born on the 17th of November.,2019-11-17,17th of November,Hope
Robert,2019-12-20,Robert was born on the 20th of December.,2019-12-20,20th of December,Robert
Alice,2019-11-14,Alice was born on the 14th of November.,2019-11-14,14th of November,Alice
Hope,2019-11-27,Hope was born on the 27th of November.,2019-11-27,27th of November,Hope
Andrew,2019-11-15,Andrew was born on the 15th of November.,2019-11-15,15th of November,Andrew
John,2019-11-03,John was born on the 3rd of November.,2019-11-03,3rd of November,John
Josh,2019-12-01,Josh was born on the 1st of December.,2019-12-01,1st of December,Josh
Leon,2019-02-24,Leon was born on the 24th of February.,2019-02-24,24th of February,Leon
Josh,2019-03-25,Josh was born on the 25th of March.,2019-03-25,25th of March,Josh
Jerry,2019-03-24,Jerry was born on the 24th of March.,2019-03-24,24th of March,Jerry
Leon,2019-02-16,Leon was born on the 16th of February.,2019-02-16,16th of February,Leon
Josh,2019-03-26,Josh was born on the 26th of March.,2019-03-26,26th of March,Josh
Luke,2019-02-11,Luke was born on the 11th of February.,2019-02-11,11th of February,Luke
Kevin,2019-03-07,Kevin was born on the 7th of March.,2019-03-07,7th of March,Kevin
Matt,2019-03-23,Matt was born on the 23rd of March.,2019-03-23,23rd of March,Matt
George,2019-02-08,George was born on the 8th of February.,2019-02-08,8th of February,George
Scott,2019-02-06,Scott was born on the 6th of February.,2019-02-06,6th of February,Scott
Brandon,2019-03-09,Brandon was born on the 9th of March.,2019-03-09,9th of March,Brandon
Leon,2019-02-13,Leon was born on the 13th of February.,2019-02-13,13th of February,Leon
Richard,2019-03-18,Richard was born on the 18th of March.,2019-03-18,18th of March,Richard
Hunter,2019-02-22,Hunter was born on the 22nd of February.,2019-02-22,22nd of February,Hunter
Jason,2019-02-16,Jason was born on the 16th of February.,2019-02-16,16th of February,Jason
Ian,2019-02-03,Ian was born on the 3rd of February.,2019-02-03,3rd of February,Ian
Josh,2019-03-25,Josh was born on the 25th of March.,2019-03-25,25th of March,Josh
Alex,2019-02-05,Alex was born on the 5th of February.,2019-02-05,5th of February,Alex
George,2019-02-14,George was born on the 14th of February.,2019-02-14,14th of February,George
Maria,2019-03-04,Maria was born on the 4th of March.,2019-03-04,4th of March,Maria
Ian,2019-02-24,Ian was born on the 24th of February.,2019-02-24,24th of February,Ian
Jason,2019-02-04,Jason was born on the 4th of February.,2019-02-04,4th of February,Jason
George,2019-02-27,George was born on the 27th of February.,2019-02-27,27th of February,George
Grant,2019-03-20,Grant was born on the 20th of March.,2019-03-20,20th of March,Grant
Jason,2019-02-05,Jason was born on the 5th of February.,2019-02-05,5th of February,Jason
Jason,2019-03-18,Jason was born on the 18th of March.,2019-03-18,18th of March,Jason
Blake,2019-02-14,Blake was born on the 14th of February.,2019-02-14,14th of February,Blake
Martin,2019-03-08,Martin was born on the 8th of March.,2019-03-08,8th of March,Martin
Matt,2019-02-14,Matt was born on the 14th of February.,2019-02-14,14th of February,Matt
Jack,2019-03-04,Jack was born on the 4th of March.,2019-03-04,4th of March,Jack
Steve,2019-02-18,Steve was born on the 18th of February.,2019-02-18,18th of February,Steve
Andrew,2019-03-13,Andrew was born on the 13th of March.,2019-03-13,13th of March,Andrew
Bob,2019-02-26,Bob was born on the 26th of February.,2019-02-26,26th of February,Bob
Rachel,2019-02-09,Rachel was born on the 9th of February.,2019-02-09,9th of February,Rachel
Bob,2019-02-23,Bob was born on the 23rd of February.,2019-02-23,23rd of February,Bob
Jason,2019-02-16,Jason was born on the 16th of February.,2019-02-16,16th of February,Jason
Leon,2019-02-03,Leon was born on the 3rd of February.,2019-02-03,3rd of February,Leon
Joy,2019-02-27,Joy was born on the 27th of February.,2019-02-27,27th of February,Joy
George,2019-02-08,George was born on the 8th of February.,2019-02-08,8th of February,George
Marco,2019-03-17,Marco was born on the 17th of March.,2019-03-17,17th of March,Marco
Ryan,2019-03-18,Ryan was born on the 18th of March.,2019-03-18,18th of March,Ryan
Alex,2019-05-11,Alex was born on the 11th of May.,2019-05-11,11th of May,Alex
Ian,2019-05-10,Ian was born on the 10th of May.,2019-05-10,10th of May,Ian
Richard,2019-05-30,Richard was born on the 30th of May.,2019-05-30,30th of May,Richard
George,2019-04-25,George was born on the 25th of April.,2019-04-25,25th of April,George
Michael,2019-04-11,Michael was born on the 11th of April.,2019-04-11,11th of April,Michael
Joy,2019-04-26,Joy was born on the 26th of April.,2019-04-26,26th of April,Joy
Kyle,2019-05-25,Kyle was born on the 25th of May.,2019-05-25,25th of May,Kyle
Aaron,2019-04-26,Aaron was born on the 26th of April.,2019-04-26,26th of April,Aaron
Ian,2019-04-19,Ian was born on the 19th of April.,2019-04-19,19th of April,Ian
Aaron,2019-04-26,Aaron was born on the 26th of April.,2019-04-26,26th of April,Aaron
George,2019-05-08,George was born on the 8th of May.,2019-05-08,8th of May,George
Jerry,2019-05-02,Jerry was born on the 2nd of May.,2019-05-02,2nd of May,Jerry
Michael,2019-04-11,Michael was born on the 11th of April.,2019-04-11,11th of April,Michael
Ian,2019-05-10,Ian was born on the 10th of May.,2019-05-10,10th of May,Ian
Frank,2019-04-08,Frank was born on the 8th of April.,2019-04-08,8th of April,Frank
Aaron,2019-04-17,Aaron was born on the 17th of April.,2019-04-17,17th of April,Aaron
Tyler,2019-05-29,Tyler was born on the 29th of May.,2019-05-29,29th of May,Tyler
Hope,2019-05-13,Hope was born on the 13th of May.,2019-05-13,13th of May,Hope
Robert,2019-04-25,Robert was born on the 25th of April.,2019-04-25,25th of April,Robert
William,2019-04-28,William was born on the 28th of April.,2019-04-28,28th of April,William
Rose,2019-04-14,Rose was born on the 14th of April.,2019-04-14,14th of April,Rose
Tyler,2019-04-14,Tyler was born on the 14th of April.,2019-04-14,14th of April,Tyler
Frank,2019-04-08,Frank was born on the 8th of April.,2019-04-08,8th of April,Frank
Fred,2019-05-11,Fred was born on the 11th of May.,2019-05-11,11th of May,Fred
John,2019-05-12,John was born on the 12th of May.,2019-05-12,12th of May,John
Hope,2019-05-07,Hope was born on the 7th of May.,2019-05-07,7th of May,Hope
Laura,2019-04-27,Laura was born on the 27th of April.,2019-04-27,27th of April,Laura
Rose,2019-04-14,Rose was born on the 14th of April.,2019-04-14,14th of April,Rose
Alex,2019-04-11,Alex was born on the 11th of April.,2019-04-11,11th of April,Alex
Steve,2019-05-12,Steve was born on the 12th of May.,2019-05-12,12th of May,Steve
Martin,2019-04-02,Martin was born on the 2nd of April.,2019-04-02,2nd of April,Martin
Hope,2019-05-13,Hope was born on the 13th of May.,2019-05-13,13th of May,Hope
John,2019-04-23,John was born on the 23rd of April.,2019-04-23,23rd of April,John
Martin,2019-05-24,Martin was born on the 24th of May.,2019-05-24,24th of May,Martin
Ian,2019-05-10,Ian was born on the 10th of May.,2019-05-10,10th of May,Ian
Leon,2019-05-10,Leon was born on the 10th of May.,2019-05-10,10th of May,Leon
Fred,2019-05-22,Fred was born on the 22nd of May.,2019-05-22,22nd of May,Fred
Hunter,2019-04-08,Hunter was born on the 8th of April.,2019-04-08,8th of April,Hunter
Frank,2019-05-31,Frank was born on the 31st of May.,2019-05-31,31st of May,Frank
Leon,2019-05-10,Leon was born on the 10th of May.,2019-05-10,10th of May,Leon
George,2019-04-25,George was born on the 25th of April.,2019-04-25,25th of April,George
Charlie,2019-07-24,Charlie was born on the 24th of July.,2019-07-24,24th of July,Charlie
Matt,2019-06-16,Matt was born on the 16th of June.,2019-06-16,16th of June,Matt
Aaron,2019-07-12,Aaron was born on the 12th of July.,2019-07-12,12th of July,Aaron
Bob,2019-07-10,Bob was born on the 10th of July.,2019-07-10,10th of July,Bob
Martin,2019-07-10,Martin was born on the 10th of July.,2019-07-10,10th of July,Martin
Mark,2019-07-21,Mark was born on the 21st of July.,2019-07-21,21st of July,Mark
Jack,2019-07-15,Jack was born on the 15th of July.,2019-07-15,15th of July,Jack
Michael,2019-06-10,Michael was born on the 10th of June.,2019-06-10,10th of June,Michael
John,2019-06-16,John was born on the 16th of June.,2019-06-16,16th of June,John
Laura,2019-06-01,Laura was born on the 1st of June.,2019-06-01,1st of June,Laura
Luke,2019-07-11,Luke was born on the 11th of July.,2019-07-11,11th of July,Luke
Grant,2019-06-02,Grant was born on the 2nd of June.,2019-06-02,2nd of June,Grant
Matt,2019-06-16,Matt was born on the 16th of June.,2019-06-16,16th of June,Matt
Alex,2019-07-24,Alex was born on the 24th of July.,2019-07-24,24th of July,Alex
Kyle,2019-07-04,Kyle was born on the 4th of July.,2019-07-04,4th of July,Kyle
Maria,2019-06-19,Maria was born on the 19th of June.,2019-06-19,19th of June,Maria
Dean,2019-06-23,Dean was born on the 23rd of June.,2019-06-23,23rd of June,Dean
Joy,2019-07-29,Joy was born on the 29th of July.,2019-07-29,29th of July,Joy
Peter,2019-07-24,Peter was born on the 24th of July.,2019-07-24,24th of July,Peter
Neil,2019-07-05,Neil was born on the 5th of July.,2019-07-05,5th of July,Neil
Walker,2019-07-12,Walker was born on the 12th of July.,2019-07-12,12th of July,Walker
Emily,2019-07-26,Emily was born on the 26th of July.,2019-07-26,26th of July,Emily
Josh,2019-07-10,Josh was born on the 10th of July.,2019-07-10,10th of July,Josh
Dallas,2019-06-11,Dallas was born on the 11th of June.,2019-06-11,11th of June,Dallas
Grant,2019-07-18,Grant was born on the 18th of July.,2019-07-18,18th of July,Grant
Grant,2019-07-06,Grant was born on the 6th of July.,2019-07-06,6th of July,Grant
William,2019-06-04,William was born on the 4th of June.,2019-06-04,4th of June,William
Richard,2019-06-13,Richard was born on the 13th of June.,2019-06-13,13th of June,Richard
Rose,2019-06-13,Rose was born on the 13th of June.,2019-06-13,13th of June,Rose
Bob,2019-07-10,Bob was born on the 10th of July.,2019-07-10,10th of July,Bob
Blake,2019-07-31,Blake was born on the 31st of July.,2019-07-31,31st of July,Blake
Blake,2019-07-31,Blake was born on the 31st of July.,2019-07-31,31st of July,Blake
Steve,2019-06-15,Steve was born on the 15th of June.,2019-06-15,15th of June,Steve
Dallas,2019-06-23,Dallas was born on the 23rd of June.,2019-06-23,23rd of June,Dallas
Steve,2019-06-18,Steve was born on the 18th of June.,2019-06-18,18th of June,Steve
Rachel,2019-06-23,Rachel was born on the 23rd of June.,2019-06-23,23rd of June,Rachel
Steve,2019-06-24,Steve was born on the 24th of June.,2019-06-24,24th of June,Steve
Robert,2019-07-09,Robert was born on the 9th of July.,2019-07-09,9th of July,Robert
Charlie,2019-07-15,Charlie was born on the 15th of July.,2019-07-15,15th of July,Charlie
Michael,2019-07-07,Michael was born on the 7th of July.,2019-07-07,7th of July,Michael
Josh,2019-07-10,Josh was born on the 10th of July.,2019-07-10,10th of July,Josh
Brandon,2019-09-08,Brandon was born on the 8th of September.,2019-09-08,8th of September,Brandon
Robert,2019-09-07,Robert was born on the 7th of September.,2019-09-07,7th of September,Robert
Rose,2019-08-31,Rose was born on the 31st of August.,2019-08-31,31st of August,Rose
Rose,2019-08-31,Rose was born on the 31st of August.,2019-08-31,31st of August,Rose
Kyle,2019-08-22,Kyle was born on the 22nd of August.,2019-08-22,22nd of August,Kyle
Hunter,2019-08-13,Hunter was born on the 13th of August.,2019-08-13,13th of August,Hunter
William,2019-08-03,William was born on the 3rd of August.,2019-08-03,3rd of August,William
Ian,2019-08-06,Ian was born on the 6th of August.,2019-08-06,6th of August,Ian
Kyle,2019-08-22,Kyle was born on the 22nd of August.,2019-08-22,22nd of August,Kyle
Jason,2019-08-01,Jason was born on the 1st of August.,2019-08-01,1st of August,Jason
Robert,2019-08-09,Robert was born on the 9th of August.,2019-08-09,9th of August,Robert
Alex,2019-09-01,Alex was born on the 1st of September.,2019-09-01,1st of September,Alex
Fred,2019-08-13,Fred was born on the 13th of August.,2019-08-13,13th of August,Fred
Jerry,2019-08-29,Jerry was born on the 29th of August.,2019-08-29,29th of August,Jerry
April,2019-09-04,April was born on the 4th of September.,2019-09-04,4th of September,April
Marco,2019-08-20,Marco was born on the 20th of August.,2019-08-20,20th of August,Marco
Dean,2019-08-26,Dean was born on the 26th of August.,2019-08-26,26th of August,Dean
Emily,2019-08-01,Emily was born on the 1st of August.,2019-08-01,1st of August,Emily
Jason,2019-09-28,Jason was born on the 28th of September.,2019-09-28,28th of September,Jason
Laura,2019-08-11,Laura was born on the 11th of August.,2019-08-11,11th of August,Laura
Marco,2019-09-25,Marco was born on the 25th of September.,2019-09-25,25th of September,Marco
Blake,2019-08-14,Blake was born on the 14th of August.,2019-08-14,14th of August,Blake
Joy,2019-09-13,Joy was born on the 13th of September.,2019-09-13,13th of September,Joy
Steve,2019-08-31,Steve was born on the 31st of August.,2019-08-31,31st of August,Steve
Kevin,2019-09-10,Kevin was born on the 10th of September.,2019-09-10,10th of September,Kevin
Jason,2019-09-02,Jason was born on the 2nd of September.,2019-09-02,2nd of September,Jason
Jason,2019-09-28,Jason was born on the 28th of September.,2019-09-28,28th of September,Jason
George,2019-09-15,George was born on the 15th of September.,2019-09-15,15th of September,George
Aaron,2019-09-15,Aaron was born on the 15th of September.,2019-09-15,15th of September,Aaron
Tyler,2019-08-22,Tyler was born on the 22nd of August.,2019-08-22,22nd of August,Tyler
Laura,2019-09-12,Laura was born on the 12th of September.,2019-09-12,12th of September,Laura
Scott,2019-08-09,Scott was born on the 9th of August.,2019-08-09,9th of August,Scott
Aaron,2019-09-26,Aaron was born on the 26th of September.,2019-09-26,26th of September,Aaron
Ian,2019-09-19,Ian was born on the 19th of September.,2019-09-19,19th of September,Ian
Brandon,2019-09-21,Brandon was born on the 21st of September.,2019-09-21,21st of September,Brandon
Michael,2019-08-12,Michael was born on the 12th of August.,2019-08-12,12th of August,Michael
Alex,2019-08-07,Alex was born on the 7th of August.,2019-08-07,7th of August,Alex
Aaron,2019-09-26,Aaron was born on the 26th of September.,2019-09-26,26th of September,Aaron
William,2019-08-03,William was born on the 3rd of August.,2019-08-03,3rd of August,William
Blake,2019-08-14,Blake was born on the 14th of August.,2019-08-14,14th of August,Blake
William,2019-08-27,William was born on the 27th of August.,2019-08-27,27th of August,William
Aaron,2019-11-17,Aaron was born on the 17th of November.,2019-11-17,17th of November,Aaron
Frank,2019-10-16,Frank was born on the 16th of October.,2019-10-16,16th of October,Frank
Brandon,2019-10-02,Brandon was born on the 2nd of October.,2019-10-02,2nd of October,Brandon
Joy,2019-10-22,Joy was born on the 22nd of October.,2019-10-22,22nd of October,Joy
Alex,2019-10-07,Alex was born on the 7th of October.,2019-10-07,7th of October,Alex
Jerry,2019-11-27,Jerry was born on the 27th of November.,2019-11-27,27th of November,Jerry
Rose,2019-10-15,Rose was born on the 15th of October.,2019-10-15,15th of October,Rose
Jason,2019-11-12,Jason was born on the 12th of November.,2019-11-12,12th of November,Jason
Walker,2019-10-17,Walker was born on the 17th of October.,2019-10-17,17th of October,Walker
Walker,2019-11-04,Walker was born on the 4th of November.,2019-11-04,4th of November,Walker
Kevin,2019-11-29,Kevin was born on the 29th of November.,2019-11-29,29th of November,Kevin
Michael,2019-10-22,Michael was born on the 22nd of October.,2019-10-22,22nd of October,Michael
Connor,2019-11-04,Connor was born on the 4th of November.,2019-11-04,4th of November,Connor
Max,2019-11-29,Max was born on the 29th of November.,2019-11-29,29th of November,Max
Michael,2019-10-07,Michael was born on the 7th of October.,2019-10-07,7th of October,Michael
Marco,2019-10-25,Marco was born on the 25th of October.,2019-10-25,25th of October,Marco
Laura,2019-11-28,Laura was born on the 28th of November.,2019-11-28,28th of November,Laura
Jack,2019-10-12,Jack was born on the 12th of October.,2019-10-12,12th of October,Jack
Rachel,2019-10-16,Rachel was born on the 16th of October.,2019-10-16,16th of October,Rachel
Rose,2019-11-30,Rose was born on the 30th of November.,2019-11-30,30th of November,Rose
Jason,2019-11-02,Jason was born on the 2nd of November.,2019-11-02,2nd of November,Jason
Rose,2019-11-12,Rose was born on the 12th of November.,2019-11-12,12th of November,Rose
Walker,2019-10-04,Walker was born on the 4th of October.,2019-10-04,4th of October,Walker
John,2019-11-03,John was born on the 3rd of November.,2019-11-03,3rd of November,John
Fred,2019-11-10,Fred was born on the 10th of November.,2019-11-10,10th of November,Fred
Michael,2019-11-14,Michael was born on the 14th of November.,2019-11-14,14th of November,Michael
Andrew,2019-11-17,Andrew was born on the 17th of November.,2019-11-17,17th of November,Andrew
Ian,2019-10-06,Ian was born on the 6th of October.,2019-10-06,6th of October,Ian
Andrew,2019-11-17,Andrew was born on the 17th of November.,2019-11-17,17th of November,Andrew
Grant,2019-11-19,Grant was born on the 19th of November.,2019-11-19,19th of November,Grant
Michael,2019-10-22,Michael was born on the 22nd of October.,2019-10-22,22nd of October,Michael
Rose,2019-10-25,Rose was born on the 25th of October.,2019-10-25,25th of October,Rose
Grant,2019-11-19,Grant was born on the 19th of November.,2019-11-19,19th of November,Grant
Charlie,2019-11-29,Charlie was born on the 29th of November.,2019-11-29,29th of November,Charlie
Fred,2019-10-11,Fred was born on the 11th of October.,2019-10-11,11th of October,Fred
Brandon,2019-11-22,Brandon was born on the 22nd of November.,2019-11-22,22nd of November,Brandon
Tyler,2019-10-09,Tyler was born on the 9th of October.,2019-10-09,9th of October,Tyler
Andrew,2019-11-17,Andrew was born on the 17th of November.,2019-11-17,17th of November,Andrew
Scott,2019-11-20,Scott was born on the 20th of November.,2019-11-20,20th of November,Scott
Charlie,2019-11-29,Charlie was born on the 29th of November.,2019-11-29,29th of November,Charlie
Fred,2019-11-11,Fred was born on the 11th of November.,2019-11-11,11th of November,Fred
Charlie,2019-12-28,Charlie was born on the 28th of December.,2019-12-28,28th of December,Charlie
Grant,2019-12-06,Grant was born on the 6th of December.,2019-12-06,6th of December,Grant
George,2019-12-20,George was born on the 20th of December.,2019-12-20,20th of December,George
Maria,2019-12-04,Maria was born on the 4th of December.,2019-12-04,4th of December,Maria
Blake,2019-12-28,Blake was born on the 28th of December.,2019-12-28,28th of December,Blake
Robert,2019-12-24,Robert was born on the 24th of December.,2019-12-24,24th of December,Robert
William,2019-12-05,William was born on the 5th of December.,2019-12-05,5th of December,William
Robert,2019-12-24,Robert was born on the 24th of December.,2019-12-24,24th of December,Robert
Scott,2019-12-29,Scott was born on the 29th of December.,2019-12-29,29th of December,Scott
Kyle,2019-12-09,Kyle was born on the 9th of December.,2019-12-09,9th of December,Kyle
Alex,2019-12-02,Alex was born on the 2nd of December.,2019-12-02,2nd of December,Alex
Charlie,2019-12-09,Charlie was born on the 9th of December.,2019-12-09,9th of December,Charlie
Scott,2019-12-29,Scott was born on the 29th of December.,2019-12-29,29th of December,Scott
Steve,2019-12-04,Steve was born on the 4th of December.,2019-12-04,4th of December,Steve
Grant,2019-12-21,Grant was born on the 21st of December.,2019-12-21,21st of December,Grant
Connor,2019-12-13,Connor was born on the 13th of December.,2019-12-13,13th of December,Connor
Michael,2019-12-22,Michael was born on the 22nd of December.,2019-12-22,22nd of December,Michael
Steve,2019-12-04,Steve was born on the 4th of December.,2019-12-04,4th of December,Steve
Aaron,2019-12-01,Aaron was born on the 1st of December.,2019-12-01,1st of December,Aaron
William,2019-12-04,William was born on the 4th of December.,2019-12-04,4th of December,William
Robert,2019-12-24,Robert was born on the 24th of December.,2019-12-24,24th of December,Robert
Charlie,2019-12-28,Charlie was born on the 28th of December.,2019-12-28,28th of December,Charlie
Ian,2019-12-02,Ian was born on the 2nd of December.,2019-12-02,2nd of December,Ian
Frank,2019-12-18,Frank was born on the 18th of December.,2019-12-18,18th of December,Frank
Marco,2019-12-06,Marco was born on the 6th of December.,2019-12-06,6th of December,Marco
Scott,2019-12-08,Scott was born on the 8th of December.,2019-12-08,8th of December,Scott
Maria,2019-12-04,Maria was born on the 4th of December.,2019-12-04,4th of December,Maria
Walker,2019-12-06,Walker was born on the 6th of December.,2019-12-06,6th of December,Walker
Grant,2019-12-14,Grant was born on the 14th of December.,2019-12-14,14th of December,Grant
Grant,2019-12-24,Grant was born on the 24th of December.,2019-12-24,24th of December,Grant
George,2019-12-20,George was born on the 20th of December.,2019-12-20,20th of December,George
Michael,2019-12-22,Michael was born on the 22nd of December.,2019-12-22,22nd of December,Michael
John,2019-12-30,John was born on the 30th of December.,2019-12-30,30th of December,John
Scott,2019-12-28,Scott was born on the 28th of December.,2019-12-28,28th of December,Scott
Alice,2019-12-15,Alice was born on the 15th of December.,2019-12-15,15th of December,Alice
Grant,2019-12-21,Grant was born on the 21st of December.,2019-12-21,21st of December,Grant
Ryan,2019-12-30,Ryan was born on the 30th of December.,2019-12-30,30th of December,Ryan
Brandon,2019-12-16,Brandon was born on the 16th of December.,2019-12-16,16th of December,Brandon
John,2019-12-11,John was born on the 11th of December.,2019-12-11,11th of December,John
Scott,2019-12-18,Scott was born on the 18th of December.,2019-12-18,18th of December,Scott
Michael,2019-12-22,Michael was born on the 22nd of December.,2019-12-22,22nd of December,Michael
